_id,Total Earnings
abdelal01,2844000
abdulka01,8560000
abdulma02,19849500
abdulta01,37982800
abdursh01,95866000
abrinal01,11719764
ackeral01,1949488
acresma01,1609000
acyqu01,8025506
adamsal01,1775000
adamsha01,709881
adamsjo01,4213800
adamsmi01,6612000
adamsst01,32167307
addisra01,1733000
adebaba01,2490360
adrieje01,3314407
afflaar01,58852159
agerma01,3006625
aguirma01,8176640
ahearbl01,125562
aingeda01,8800000
ajincal01,18959122
akognjo01,788872
alabiso01,1600000
alarima01,1532500
aldemfu01,6000000
aldrico01,23883663
aldrila01,147618922
alexacl01,576542
alexaco01,12161158
alexaco02,6502302
alexaga01,150000
alexajo01,5076945
alexavi01,6477850
alforst01,500000
allenja01,1713720
allenje01,992500
allenla01,15181767
allenma01,12607130
allenra02,184356410
allento01,40698419
almonmo01,2087400
alstode01,500000
alstora01,28129531
amaecjo01,9562500
amayaas01,472500
aminual01,35447764
amundlo01,11864489
anderal01,8925429
anderch01,38507101
anderda03,4800000
anderde01,58973127
anderer01,390000
andergr01,5716250
anderja01,5374616
anderju01,4542600
anderke01,63425200
anderky01,5580343
anderni01,42530718
anderri01,525000
anderro01,3290000
anderry01,78509780
andersh01,49573425
anderwi01,10810000
andrima01,1062971
anigbik01,950000
anslemi01,200000
anstech01,2812820
antetgi01,31087051
antetth01,105888
anthoca01,232001415
anthogr01,18592250
anthojo01,23377987
anticpe01,1250000
anunoog01,1645200
applike01,161776
araujra01,6716880
archiro01,913137
arenagi01,140714721
arizatr01,76320530
armstbj01,16380000
armstbr01,2792170
armstda01,27536438
armsthi01,9494478
arroyca01,20209555
artesro01,77053906
arthuda01,33222575
asikom01,60202437
askewvi01,5857250
askinke01,5748400
atkinch01,34191455
augmost01,30037500
augusdj01,35638310
augusja01,1100174
austiis01,22626666
aventan01,3410000
averywi01,3858600
ayongu01,4567500
azubuke01,11206233
babbch01,48028
babbilu01,10588763
babicmi01,200000
bacondw01,815615
bagarda01,4079663
baglejo01,4034000
baileja01,1350000
baileth01,7994000
baileto01,822500
bairsca01,1352395
bakerro01,4871471
bakervi01,97390894
balkmre01,10979217
ballagr01,870833
balllo01,6286560
banksge01,490000
banksma01,26135520
bannike01,855000
barbole01,46967358
bardost01,375000
bareajo01,32864310
bargnan01,73519408
barklch01,43608000
barkler01,2032700
barneha02,57874032
barnema02,31408015
barrean01,1129828
barroda01,25587500
barroea01,2957063
barrybr01,53464860
barrydr01,412765
barryjo01,19825000
bartowi01,12654114
basdeed01,398762
bassbr01,38811509
bastoma01,5290911
bateeme01,1149132
batises01,1062971
batismi01,349458
battish01,56569622
battito01,57604162
battljo01,5170000
battlke01,490000
batumni01,94962374
baxtelo01,2273860
bayleje01,40030604
baynear01,20595042
bazarse01,168000
bazemke01,37902927
bealbr01,64544770
beaslje01,986977
beaslma01,3327960
beaslmi01,36689539
beaubro01,5695573
beckco01,697250
bedfowi01,4000000
belinma01,37427727
bellch01,20073783
belljo01,815615
bellra01,36631964
belltr01,4145640
bembrde01,3066960
bendedr01,8745120
bendejo01,30670146
benimje01,64843
benjabe01,23005129
benjaco01,1985160
bennean01,16501172
bennema01,1937500
benneto01,546000
bennewi01,1050000
benoida01,5393096
bensoke01,1280000
bensoke02,75000
bentibe01,331969
berryri01,300000
berrywa01,600000
bertada01,1856082
besttr01,18211679
beverpa01,19999006
bhullsi01,29843
bibbymi01,107093621
biedran01,62208776
billuch01,107227720
birchkh01,865615
birdla01,22620000
birdsot01,2675000
biyombi01,49729278
bjeline01,11749999
blabuw01,740000
blackal01,140000
blackro01,11404542
blackta01,10833395
blairde01,8755907
blakest01,36994442
blalowi01,412718
blankla01,1270000
blantri01,8000
blatcan01,39726505
blaylmo01,31790000
bledser01,61176423
blounco01,14441735
blounma01,44649672
bobbito01,305403
boganke01,19140381
bogdabo01,9470614
bogdabo02,20934163
boguemu01,18428400
bogutan01,117639657
bohanet01,795750
bolma01,5887500
bondwa01,474900
bonnean01,2826000
bonnema01,30128334
bookede01,6670800
booketr01,34318096
boonejo01,5456088
boothca01,38911607
boothke01,2061720
boozeca01,146109736
borchcu01,5551833
borrela01,301875
boshch01,215272333
bosweto01,65000
boumtru01,1508931
bowdlca01,3308400
bowenbr01,30338350
bowenry01,8895707
bowiean01,3070000
bowiesa01,16735000
bowmair01,24316
boycedo01,497500
boykiea01,16544862
bozemce01,412718
brackcr01,2711880
bradlav01,39084872
bradldu01,275000
bradlmi01,5162996
bradlsh01,69580000
bradlto01,1414920
bradtma01,247500
braggma01,225000
braggto01,370666
bramlaj01,118974
brancad01,150000
brandel01,169229324
brandte01,59585440
breauti01,647250
bremejr01,913137
breuera01,4161500
breweco01,50405927
breweja01,2203977
brewero02,19618249
brezepr01,13327978
brickfr01,13558000
bridgju01,700000
brittmi01,105000
brockjo01,3457588
brogdma01,2237611
brookaa01,20144233
brookdi01,815615
brookke01,3000000
brookma01,3845957
brookmi01,75000
brooksc01,3417500
brownan01,1061016
brownbo02,3343013
brownch01,3967250
brownda02,535325
brownde01,24142000
brownde02,8156587
brownde03,651285
brownde04,2074172
browner01,332817
brownge02,672500
brownja01,44765
brownja02,9699480
brownke01,7261508
brownkw01,63992853
brownma01,1263294
brownmi01,6470000
brownmy01,200000
brownpj01,69539200
brownra02,15162000
brownri01,160000
brownsh01,17512981
brownst02,815615
brownti01,1052863
brownto01,640000
brunsri01,5446383
brussni01,1448720
bryanko01,328238062
bryanma01,17555000
bryanth01,815615
bryanwa01,330000
buckngr01,29653476
bucknqu01,462000
budinch01,18236050
buechju01,14685000
buforro01,2097595
bullama01,8507533
bullore01,8357804
burkepa01,1909458
burketr01,11816318
burksal01,39641681
burksan01,1027025
burleke01,468762
burnsev01,1616000
burresc01,7200000
burroju01,300000
burtowi01,6655500
burttst01,75000
busedo01,130000
butleca01,84159304
butlegr01,100000
butleja01,7500762
butleji01,57353387
butlemi02,4201779
butlera01,23880069
buyckdw01,796188
bynuman01,72876258
bynumwi01,17137733
cabarza01,6095497
cabocbr01,7023225
caffeja01,34068568
cagemi01,17211421
calatni01,816482
caldejo01,83343408
caldwad01,992250
caldwke01,29741533
callori01,125000
cambrde01,150000
cambyma01,130044549
campbel01,69175000
campbto01,6708000
canaais01,4030466
capelca01,6062680
caracde01,744031
cardibr01,39334595
carlige01,65779
carliri01,315000
carnero01,6150341
carran01,13745600
carrch01,4140000
carrco01,287500
carrke01,737250
carrml01,175000
carrode01,50428793
carrojo01,6000000
carroma01,29537032
cartean01,17212048
cartebu01,160000
cartemi01,12783526
cartevi01,181927444
cartwbi01,14407000
cassesa01,58419775
casspom01,15661833
catchha01,262000
catlete01,7798700
catoke01,46568465
cattabo01,70000
caulewi01,10653600
causwdu01,17632092
cavanty01,729919
cavenro01,100000
cebalce01,19962500
celesjo01,301875
chalmli01,1132050
chalmma01,24734296
chambto01,15211250
chandty01,173496273
chandwi01,58400387
chapmre01,24180700
charllo01,70000
cheanca01,30030000
cheekma01,5345000
cherrwi01,25000
chievde01,875000
chilcpe01,5301300
childch01,26816667
childjo01,38857903
childra01,3092320
chrisdi01,50000
chrisdo01,51591438
chrisma01,6015240
chrisra01,2224894
chrisse01,543471
clarkca01,65000
clarkco01,61776
clarkea01,10377592
clarkia01,4250836
clarkjo01,25414895
clarkke01,15186563
clavevi01,4000000
claxtsp01,37046600
cleavma01,5084064
closske01,6240000
cofferi01,150000
cofiefr01,70000
cokerjo01,1060000
colembe01,575000
colemde01,91366800
coleno01,8570804
colesbi01,20228000
collida01,33343141
collija01,242000
collija02,6990240
collija03,15008171
collija04,34168530
collijo01,1936920
collima01,4769702
collini01,60322642
collish01,473604
colliza01,3057240
coltest01,912500
comegda01,290000
conlemi01,111275155
conloma01,4381088
connapa01,2871111
connele01,3475000
conrowi01,169376
cookan01,2295000
cookbr01,17600124
cookda01,930000
cookda02,13010946
cookje01,467566
cookom01,292230
coopedu01,290000
coopemi01,1367500
coopewa01,5380000
copato01,160000
copelch01,7708604
copella01,130000
corbity01,12446900
corchch01,450000
corzida01,3880000
cottobr01,495485
cottoja02,702000
courtjo01,388158
couside01,79251978
covinro01,19863799
crabbal01,39641776
crawfch01,16292000
crawfja01,119295271
crawfjo02,6066964
crispjo01,48705
critewi01,225000
crittja01,4144680
croshau01,55481586
crottjo01,5639171
crowdco01,522982
crowdja01,21387131
cummipa01,2649500
cummite01,24014600
cummivo01,2271600
cunnida01,16599975
cunnija01,3403794
cunniwi01,898500
curcira01,140000
curetea01,1060200
curlebi01,6768167
curryde01,19831000
curryed01,70050993
curryja01,454080
currymi01,14445122
curryse01,7021714
curryst01,91382812
cvetkra01,200000
dailequ01,2145000
dalemsa01,91591765
dampier01,97963871
daniean01,49275420
danieer01,385277
daniell01,767500
daniema01,36697352
danietr01,8505218
danilsa01,3347000
dantlad01,4065000
dareyi01,8655000
datomlu01,1750000
daughbr01,21504000
davidje01,849888
davidko01,988941
davisan01,87740000
davisan02,69090266
davisba01,147692983
davisbe01,892216
davisbr01,2168100
davisbr02,150000
davisch02,240000
davisda01,77281958
davisde01,2681840
davised01,30343382
davisem01,3207485
davisgl01,34366665
davishu01,16800500
davisjo01,775000
davisjo02,1127090
davisma02,880200
davispa01,1509078
davisri01,42872920
daviste01,14019750
daviswa03,4815000
dawkian01,59686
dawkida01,2734000
dawkijo01,9840000
dawsobr01,525093
dawsoer01,38172
dayeau01,10505632
dayeda01,215000
dayto01,12119250
declean01,17908500
decolna01,2863000
dedmode01,10661760
deherte01,8048625
dejeabr01,281659
dekkesa01,5161560
delanma01,5000000
delebi01,21912000
delfica01,24127037
delkto01,19911680
dellama01,21178762
delnevi01,17880142
dembofe01,100000
dempsde01,225000
denglu01,136713597
derozde01,93485845
dialde01,1298600
diallch01,1856082
diawaya01,2920174
diawbo01,80865921
diazgu01,56065
dickada01,11425404
dickeka01,1044151
dickemi01,17113162
dienetr01,5922971
dienggo01,20701703
dinwisp01,3796036
dioguik01,10882224
diopde01,47024084
divacvl01,93120635
dixonju01,12379358
doleami01,19840176
donalja01,3845000
doolike01,30471031
dorsejo01,4515473
dorsety01,815615
dotsoda01,1100000
doubyqu01,4087399
douglch01,3020935
douglsh01,23829250
douglto01,9518150
dowdeza01,242374
dragigo01,77786450
dragizo01,4012500
dreilgr01,2627500
drewbr01,7045160
drewjo01,250000
drewla01,3050000
drewla02,282163
drexlcl01,31147000
drobnpr01,6054971
drumman01,56551427
duckwke01,18247000
dudlech02,38305000
dudleja01,47538028
duhonch01,33074077
dukandu01,525093
dumarjo01,22931700
dumasri02,1665000
dumasto01,4060000
duncati01,243471655
dunlemi01,200000
dunlemi02,84513176
dunnkr01,7919280
dunntr01,575000
duprero01,2995189
duranke01,160209018
durhapa01,126000
eacklle01,2540000
earlac01,5200000
earlycl01,1352395
eatonma01,9177000
ebankde01,2290188
ebind01,2794320
eddieja01,1052939
eddiepa01,130000
edneyty01,1381000
edwarbl01,12085000
edwarco01,319498
edwardo01,5837500
edwarfr01,100000
edwarja01,7274000
edwarjo01,2465277
edwarke01,12675000
ehlocr01,10586163
eisleho01,37227067
ekeziob01,1954904
elamikh01,782819
eliema01,12983000
ellenhe01,3484920
ellinwa01,25575946
elliose01,42426666
ellisda01,20272750
ellisha01,250000
ellisla01,27939000
ellisle02,730000
ellismo01,96558981
ellispe01,24150000
elsonfr01,12558479
elyme01,13683025
embiijo01,19981026
emmetan01,1088458
englech01,125000
englewa01,100000
engliaj01,1306000
englial01,8865000
englijo01,50000
engliki01,473604
ennisja01,7353369
ennisty01,6511265
erdense01,1235799
ervinju01,2539000
eschmev01,17003496
esposvi01,500000
evansbr01,1845325
evansja01,815615
evansje01,8946816
evansma01,14611029
evansmi01,425000
evansre01,32345618
evansty01,63136251
ewingda01,1114209
ewingpa01,125193120
exumda01,16325425
eyengch01,3292560
ezelife01,12942842
farieke01,42456883
farmajo01,18706138
farmede01,359112
farmeji01,175000
farmeto01,1029750
favervi01,2090000
favorde01,67154822
fazekni01,427163
feickja01,9897250
feitlda01,668700
feliccr01,9243226
felixca01,957384
feltora01,51777125
fergute01,1785000
fernaru01,5676523
ferredu01,9400000
ferrero01,100000
ferreyo01,1754678
ferryda01,44243000
fesenky01,3517500
fieldke01,145000
fieldla01,19985799
finlemi01,138576839
finnedo01,1856082
fishede01,63238057
fishma01,547500
fitchge01,359858
fizerma01,12725314
flemive01,7982000
florelu01,385277
floydsl01,8350000
flynnjo01,9576000
footeje01,225341
forbebr01,1856082
forbega01,3473604
fordal02,1431334
fordsh01,1670800
fordsh02,116711
fordtj01,43534324
fortejo01,3029640
fortsco01,42009
fortsda01,42145240
fostegr01,8888959
fosteje01,50070075
fostero01,262000
fotsian01,332817
fournev01,40556245
fowlktr01,1230143
foxde01,4609200
foxri01,34029278
foyera01,34376401
foylead01,63361840
frahmri01,2405044
francst01,103501131
frankja01,673098
frankte01,856000
fraziti01,5189636
fredean01,260000
fredeji01,8654857
freeljo01,8925000
freewo01,1550000
freijma01,526540
fryech01,66549827
fulleto02,4975240
fultzma01,7026240
fundela01,15025000
gadzuda01,37609158
gaide01,92396
gaineco01,13000
gainere01,4363920
gainesu01,1450854
gallida01,93507676
gallola01,12947488
gamblke01,11800000
garbajo01,12100000
garceru01,316969
garcial01,986977
garcifr01,31044040
gardnth01,812968
garinpa01,131969
garlawi01,1977860
garnebi02,563000
garnech01,242000
garneke01,343872398
garnema01,287500
garrede01,12947500
garredi02,1388847
garriki01,61147
garripa01,22788021
garrito01,640000
gasolma01,130825122
gasolpa01,203449761
gatlich01,29498827
gattike01,6919000
gayru01,126958969
gazean01,810000
gbinimi01,1150000
gearyre01,492250
geeal01,12619492
geigema01,44404000
gelabmi01,2051298
georgde01,28656380
georgma01,1401549
georgpa01,81369999
georgta01,2073260
gervide01,155000
gervige01,1637000
gibsoda01,22100174
gibsojo01,725432
gibsomi01,80000
gibsota01,52508971
giddejr01,1986000
gildetr01,26917
gilesha01,1859400
gillebe01,100000
gilled01,2078299
gilliar01,24590600
gillke01,43466195
gilmoar01,2132000
ginobma01,127539615
giricgo01,18940000
gladnmi01,248263
glassge01,2658000
gloucge01,175000
glovedi01,5628717
glynian01,161061
gminsmi01,11865000
goberru01,27478087
godfrda01,100000
goldwan01,911290
gomesry01,22567540
gondrgr01,125000
goodedr01,67930972
goodrst01,470379
goodwar01,5721023
gordoaa01,18019460
gordobe01,84617019
gordodr01,40000
gordoer01,95984891
gordola01,200000
gortama01,81526662
goudean01,674204
grahagr01,5600000
grahajo01,8804185
grahapa01,1225000
grahast01,3782274
grahatr01,1931082
grandji01,115000
grandro01,762250
grangda01,70830790
grantbr01,109842052
grantga01,10180969
grantgr01,720000
grantha01,22927875
grantho01,67957213
grantje01,4234674
grantje02,4929240
grantjo01,150000
grantpa01,3060301
grayaa01,13065995
grayde01,238423
grayed01,2497320
grayeje01,3220000
grayjo01,101376
grayst01,1113200
graysy01,160000
greenac01,41218276
greenda01,3300000
greenda02,42693631
greende01,398762
greendo01,5147896
greendr01,48671178
greener01,706754
greenge01,19552408
greenja01,10418509
greenje02,67430743
greenke02,245633
greenli01,637500
greenor01,1115037
greenri01,1682000
greense01,885000
greensi02,7200000
greenta01,427163
greenwi01,23473246
greerly01,664209
gregocl01,75000
greveke01,383000
griffad01,9255728
griffbl01,126191307
griffda01,3433000
griffed01,15280806
griffta01,457588
grimmde01,242000
grunfer01,525000
gudmupe01,450000
guglito01,80594535
guibean01,175000
guidija01,390000
gutiejo01,361130
guytoaj01,801567
haddaha01,7600000
haffnsc01,75000
hairsma01,1087511
hairspj02,2362694
haislma01,5788557
haleyja01,2747250
hallmi01,135895
hamda01,6858410
hamerst01,220000
hamiljo02,3667019
hamilju01,4816482
hamilri01,109499376
hamilta01,60881
hamilth01,510000
hamilze01,2405122
hammige01,250000
hammoaj01,1962611
hammoto01,11715000
hancoda01,622500
handlbe01,402022
hansbbe01,473604
hansbty01,16746078
hansebo01,2570000
hansetr01,366931
hanzlbi01,1976332
haranlu01,2290188
hardaan01,120469142
hardati01,46661390
hardati02,22533525
hardeja01,117809888
harklma01,27475385
harpede01,18769700
harpeju01,1392889
harpero01,33796000
harprma01,48217041
harrejo01,1712094
harremo01,3516382
harriaa01,1075243
harriad01,140636
harrial01,90319819
harrian01,2257611
harrida01,4428916
harride01,73671268
harriga01,7312615
harrijo01,4234674
harriju01,1435060
harrilu01,19970000
harrima01,716040
harrimi01,64978
harriot01,24175200
harrish01,267160
harrist01,340000
harrite01,660260
harrito01,150000
harrito02,56069074
hartja01,11589522
hartjo01,1394520
harvean01,3019711
harvedo01,3445639
haskisc01,3219000
hasleud01,57975299
hassetr01,27583931
hastisc01,2320000
hastoki01,3814080
hawessp01,47772047
hawkihe01,30551200
hawkiju01,587435
hawkimi01,1238529
hayesch01,30767542
hayesja01,13376687
hayesni01,243536
hayesst01,100000
haywago01,87007793
haywala01,3372973
haywobr01,64826373
headlu01,6986339
healsh01,779615
hendeal01,50546560
hendece02,8600000
hendeda01,75000
hendege01,1089250
hendege02,37412847
hendejr01,287500
hendeke01,75000
hendrma01,734764
henryca01,85000
henryco01,120000
henryxa01,7597040
hensojo01,32599323
hensost01,992250
hernaju01,4064280
hernawi01,2810750
herreca01,10887500
herrech01,618844
herrmwa01,5744000
hezonma01,11729640
hibbero01,70684162
hicksjj01,27153724
hieldbu01,7192680
higgico01,518439
higgiro01,2065800
higgise01,1672250
hilarne01,129124129
hillge01,65331400
hillgr01,142854650
hilljo01,32116067
hillso01,27386153
hillst01,148238
hillty01,51006229
hinriki01,71692268
hinsoro01,8510500
hitero01,412718
hobsoda01,348962
hodgecr01,2590000
hodgedo01,3830000
hodgeju01,2383560
hoibefr01,10432079
holcora01,52033
holidjr01,74245163
holidju01,7394863
holliro01,4202462
holliry01,13414962
holmeri01,3547213
holtomi01,670000
honeyje01,1060000
honeyty01,1684875
hoodde01,49721
hoodro01,6432184
hoppeda01,1175000
hopsode01,2983350
hopsosc01,74159
horfoal01,131799522
horfoti01,107000
hornaje01,25962400
hornede01,91642
horryro01,53745000
houseed01,14158572
houstal01,117556500
houstby01,2600000
hovasto01,6140
howarbr01,200000
howardw01,213765862
howarjo01,40442778
howarju01,151465633
howarst01,593350
hubbaph01,1325060
hudsole01,641552
hudsotr01,29135440
huertma01,2025093
huestjo01,3803102
huffmna01,3409458
hugheed01,100000
hughela01,84845538
hugheri01,177830
hugheri02,115423
hummero01,1030000
humphja01,7832500
humphkr01,62188258
humphry01,3430200
huntebr01,986977
huntech01,632455
hunteli01,34640600
hunteot01,749678
huntest01,22365366
hurlebo01,16950000
hustoge01,90000
iavarma01,720000
ibakase01,75127391
iguodan01,136139074
ilgauzy01,124487723
ilicmi01,1664000
ilyaser01,53816207
inglejo01,19143700
inglida01,1675000
ingraan01,13824
ingrabr01,10801080
irvinby01,375000
irvinky01,74605018
isaacjo01,4186320
isselda01,614000
iuzzomi01,523500
iversal01,154494445
iveyro01,8165468
iwundwe01,1050000
jackja01,47430938
jacksaa01,4608
jacksbo01,36689368
jacksce01,53834
jacksda01,2040809
jacksfr01,815615
jacksja01,8054267
jacksje01,2253374
jacksji01,31245511
jacksjo02,5090040
jacksju01,2365560
jackslu02,6185276
jacksma01,40375100
jacksma02,24691969
jacksmi02,115000
jackspi01,1255498
jacksra02,403000
jacksre01,50820652
jacksst02,68627254
jacobca01,3892319
jacobsa01,2071227
jamerda01,3408000
jamesbe01,2414585
jamesda01,2449658
jameshe01,2360100
jamesje01,44755150
jamesle01,237020472
jamesmi01,32291974
jamesti01,2454892
jamisan01,142545596
jamisha01,901875
jaricma01,43650000
jasiksa01,8000000
jawaina01,1178534
jeffeal01,133019285
jeffeam01,4608
jeffech01,1622160
jeffeco01,928785
jefferi01,116009560
jeffrja01,40528625
jenkich01,1235799
jenkiho01,385277
jenkijo01,5227121
jennibr01,40507340
jennike01,987500
jentch01,497500
jepsele01,2017000
jerebjo01,33219783
jerregr01,1763757
jetereu01,473604
jianlyi01,14085936
johnsal01,1100174
johnsam01,77062970
johnsan02,19245614
johnsar02,1235799
johnsav01,36400400
johnsbr01,90117
johnsbr02,2605080
johnsbu01,3130000
johnsca01,168035
johnsch03,2289960
johnsch04,1342209
johnscl01,1320000
johnsda01,1150000
johnsda03,192228
johnsda04,815615
johnsde01,2855500
johnsde02,111871
johnsde03,9283842
johnsed02,766000
johnsed03,10026700
johnser02,32326654
johnsfr01,1827000
johnsge02,140000
johnsiv01,1460799
johnsja01,30906806
johnsja02,2162760
johnsjo02,220040806
johnske01,106000
johnske02,31708100
johnske03,349458
johnsla02,83132856
johnsli01,2887008
johnsma01,2000000
johnsma02,23642860
johnsmi01,563000
johnsni01,2332826
johnsom01,27648
johnsor01,1450316
johnsst03,2369000
johnsst04,8909640
johnstr01,276928
johnsty01,12861655
johnsvi01,6064333
johnswe01,26525283
jokicni01,4129882
jonesal01,332817
jonesas01,150000
jonesbo01,1000000
jonesbo02,1186106
jonesca01,1157500
jonesch01,3342500
jonesch02,650520
jonesch03,672500
jonesda01,21738907
jonesda02,18017231
jonesda03,2484171
jonesde01,473504
jonesdo01,2439736
jonesdo02,3579960
jonesdw02,1880393
jonesed01,440000
jonesed02,101254222
jonesfr01,13797254
jonesja02,25835635
jonesju01,9686693
joneske01,390027
jonesma01,65000
jonespe01,5285886
jonespo01,17261288
jonesso01,5761934
joneste01,8432468
jonesty01,4093142
jordaad01,350000
jordade01,108487889
jordaje01,1388847
jordami01,93285000
jordare01,1029750
josepco01,27238141
josepga01,316969
josepkr01,189442
kamanch01,86527368
kaminfr01,8190100
kanteen01,72889234
kaponja01,28493023
karasse01,4601520
karlco01,782378
kasunma01,1986878
kaunsa01,2633420
keefead01,18640000
kelleri01,200000
kellocl01,1398000
kellyry01,3792478
kempsh01,91572963
kemptti01,1547250
kennalu01,2759280
kennedj01,50000
kernejo01,716000
kerrst01,15795000
kerseje01,15057500
kesslal01,5808000
ketnela01,515838
keysra01,935000
khryavi01,5216358
kiddgmi01,46760924
kiddja01,187675468
kilpase01,6108580
kimblbo01,5550000
kimbrst01,133000
kingal01,2755000
kingbe01,12847000
kingch01,225000
kingfr01,200000
kingge02,949500
kingji02,630000
kingre01,1000000
kingri01,2700000
kingst01,9030000
kinseta01,1429832
kirilan01,107735998
kirkal01,65000
kitegr01,4855000
kittlke01,55580373
klebima01,815615
kleinjo01,11452250
kleizli01,18860573
knighbi01,433000
knighbr01,35557946
knighbr03,49891757
knighne01,2589500
knightr01,22622500
kofoeba01,470000
koncajo01,18325250
kopicjo01,80000
korkmfu01,1465920
kornefr01,225000
korolya01,3536760
korveky01,69147455
koufoko01,38839292
kravtvi01,1500000
krstine01,20641424
krystla01,3454000
kukocto01,61488033
kupchmi01,2300000
kurzro01,429111
kutluib01,3360000
kuzmaky01,1423560
kuzmimi01,5923035
kuzmiog01,816482
labissk01,2501451
laettch01,61485000
lafrera01,84135042
laimbbi01,7888000
lambdo01,1438872
lambje01,22879344
lampema01,2629000
lampje01,250000
lamplse01,438822
landrca01,47927163
landrma01,457588
laneje01,1565000
langan01,15838000
langan02,1268000
langdtr01,4499280
langfke01,272316
langhda01,1974040
langja01,771331
laproni01,210995
larkish01,6114422
larueru01,390588
lasmest01,48056
laudepr01,1890200
lauvejo01,6734025
lavinza01,9647297
lawac01,7074007
lawalga01,473640
lawsoja01,267250
lawsoty01,43559556
laymaja01,1912611
leaftj01,2028360
leaveal01,750000
leckner01,2625500
ledori01,912538
leeco01,50414703
leeda02,94757596
leeda03,188240
leedo01,425000
leeke01,1274998
leeku01,120000
leema01,2146488
legleti01,5144000
lemonwa01,92160
lenal01,19960980
lenarvo01,25584983
leonaga01,330000
leonaka01,61382467
leoname01,28860459
lesji01,1479000
leslitr01,723604
lestero01,344000
leuerjo01,24727575
leverca01,3194760
leverfa01,10245500
levincl01,4300000
lewisma01,200000
lewisqu01,3203781
lewisra01,250000
lewisra02,155332815
lewisre01,7435000
liberma01,1480000
lichtto01,2460180
liggide01,3790073
lillada01,64326649
linje01,51942991
listeal01,9138250
livinra01,1339200
livinsh01,49456686
llamaho01,697250
lloydle01,365000
lockhia01,393000
lohaubr01,5458000
longar01,720093
longgr01,21112635
longjo01,2057700
longllu01,42784900
longsh01,96969
looneke01,3786182
lopezbr01,117704487
lopezfe01,2634405
lopezra01,3941313
lopezro01,65035194
loveke01,122202444
lowryky01,93461621
lucasjo01,1181000
lucasjo02,5750579
lucasma01,1520500
luety01,21382580
luwawti01,2713560
lydonty01,1579440
lylestr01,7021800
lynchge01,27695000
lynchke01,575000
maccuto01,27953375
machasc01,192228
macijar01,3500000
mackema01,550000
macklve01,473604
macksa01,1877098
macksh01,14814820
macledo01,16033350
maconma01,7501000
macyky01,610000
maddoti01,349458
madkige01,1090000
madsema01,15788725
maggeco01,89131524
magloja01,39323630
mahinia01,52395591
mahorri01,8517000
majerda01,28335000
majorre01,20133
makerth01,5252760
malonje01,14023666
malonka01,105933378
malonma01,17389676
malonmo01,18141750
mannida01,59695666
mannipa01,70000
manniri01,247500
marblde01,1729938
marbust01,151115945
marcisa01,14337000
mariosh01,134936762
marjabo01,15200000
markkla01,3821640
markoda01,412718
marksse01,9588092
marshdo01,72417867
marshdo02,1190000
marshke01,6984685
marshra01,1062971
martibi01,150000
martibo01,250000
martica01,4473780
martida01,6600184
martija01,3988382
martije01,210000
martike01,113035975
martike02,82036051
martima01,500000
mashbja01,75623634
masonan01,45045948
masonde01,37641002
masonfr01,1184385
masonro01,13708897
masseto01,12091098
matthwe01,205000
matthwe02,84368364
maxeyma01,975000
maxieja01,28614821
maxwece01,1886000
maxweve01,12947000
maybele01,6935000
mayesth01,130000
maynoer01,10714841
mayooj01,46149437
mayse01,8768068
maystr01,3000000
mbahalu01,26059307
mbengdj01,10673747
mcadobo01,923000
mccalra01,2006645
mccanbo01,655000
mccanra01,7581406
mccarke01,287500
mccarwa01,15217495
mccasam01,3655987
mccawpa01,1856082
mccladw01,115000
mcclesh01,1856082
mccloge01,15242150
mccolcj01,34445032
mccontj01,2871111
mccorti01,4913333
mccoyje01,3955935
mccrach01,161061
mccraro01,6355000
mcculch01,3803102
mcdancl01,200000
mcdankj01,7274002
mcdanxa01,12208000
mcderdo01,10436434
mcdonbe01,135000
mcdyean01,116638859
mcfariv01,412718
mcgarmi01,4389120
mcgeeja01,55098277
mcgeemi01,1200000
mcgratr01,162978278
mcgruro01,1856082
mcguido01,4178739
mchalke01,14200000
mcilvji01,32125000
mcinnje01,20043940
mckenke01,235000
mckeyde01,37681000
mckieaa01,51962874
mckinal01,815615
mckinbi01,125000
mckintr01,46080
mclembe01,18287722
mcleoke01,4643609
mcleoro01,4142361
mcmilna01,10459000
mcmilto01,215000
mcnamma01,465000
mcneaje01,29843
mcphepa01,316969
mcraejo01,1109384
mcrobjo01,34288647
medvest01,10347951
meeda01,400000
meeksjo01,27416584
meentsc01,300000
mejrisa01,2871111
mekelga01,2397736
melofa01,3791912
mensapo01,1107378
mercero01,35230160
meriwjo01,225000
meyerlo01,2367760
mickejo01,3895035
middlkh01,46477719
mihmch01,25391705
milesaa01,155614
milescj01,42202765
milesda01,61999973
milicda01,52323642
milicma01,592000
millean01,1551368
millean02,98114732
millebr01,91247500
milleda01,3762476
millemi01,93176913
milleol01,7145338
millequ01,1677828
millere01,104522748
millsch01,37370000
millsel01,627678
millspa01,123451301
millspa02,25328139
millste01,15987000
minerha01,5290000
mingya01,93390336
minnidi01,175000
minorgr01,13175000
mirotni01,29131175
miskija01,15982
mitchdo01,2621280
mitchmi01,2240000
mitchsa01,12240000
mitchto02,816482
moblecu01,67463250
mobleer01,4118000
mohamna01,65514968
moisoje01,8074800
mokespa01,1540000
moncrsi01,4162000
moniase01,1116400
monkma01,2904480
monrogr01,73474203
monroro01,217000
montrer01,18800000
moonja01,6888680
mooreet01,20610063
moorejo01,550000
mooremi01,25300815
moorero01,75000
mooretr01,537500
moreler01,3091728
mornida01,43000
morriad01,16920989
morrich01,16380000
morrida01,3184824
morriis01,140000
morrija01,193536
morrima02,32463279
morrima03,23338781
morrira01,2462770
morrite01,1768245
morroan01,24237958
mortodw01,150000
mortojo01,806735
motenla01,601000
motiedo01,7225089
mottoha01,782819
moultar01,3267720
mournal01,143906333
mozgoti01,55331421
mudiaem01,9725520
muhamsh01,10525118
mulleby01,6813813
mullich01,40424600
mundtto01,234660
murdoer01,11147250
muresgh01,8848500
murpher01,100000
murphja01,280000
murphke01,538604
murphro01,191666
murphto01,1870000
murphtr01,66024785
murrade01,2492691
murraja01,6566160
murrala01,43518500
murraro01,9633431
murratr01,22261537
murryto01,346056
muscami01,7779454
mustaje01,3277000
mutomdi01,143666581
muursma01,1839320
myerspe01,1642250
nachbbo01,11614320
naderab01,1167333
nailole01,2951110
najered01,36882819
nancela01,11563000
nancela02,3834662
napiesh01,6244560
nashst01,146936620
nattca01,2682000
navarju01,538090
ndiayha01,744031
ndiayma01,672500
ndiayma02,3129600
ndongbo01,1237971
ndourma01,1505883
nealcr01,100000
nealga01,10813777
nealyed01,2250000
nedovne01,2160960
nelsode01,182047
nelsoja01,70106370
nembhru01,50000
nesbyty01,9254167
nestera01,50326401
netora01,3409182
nevitch01,548000
newbiiv01,669750
newblir01,15655404
newmajo01,16541000
nichoan01,15760016
nichode01,515056
nickega01,152900
nimphku01,785000
nixonno01,3028000
noahjo01,104780096
nocioan01,46750000
noelda01,1100174
noelne01,18517329
noguelu01,8473305
nordgje01,242000
normake01,21165000
norriau01,110000
norrimo01,19173500
novakst01,21636397
nowitdi01,250371801
ntilila01,3501120
nurkiju01,8473305
nwabada01,1450077
nwosuju01,150000
oaklech01,46597000
obannch01,640000
obanned01,3908640
obertfa01,16917680
obriejj01,105888
obryajo01,3361535
obryapa01,7398120
ochefda01,593471
odengr01,24322868
odomla01,115967658
oggal01,332000
ohlbrti01,933739
ojelese01,1291892
okafoem01,90353330
okafoja01,14366640
okoremi01,744000
okurme01,72935000
oladivi01,42487440
olajuha01,110291426
olberma01,722500
oldhaja01,945000
olivebr01,1973000
olivede01,451552
oliveji01,479721
ollieke01,20131418
olowomi01,37906690
olynyke01,19928463
onealje01,168794021
onealro01,815615
onealsh01,292198327
onuakar01,483304
onuakch01,1856082
oquinky01,14230487
orrlo01,1200000
ortizjo01,275000
ortonda01,2891672
osmande01,2642857
ostergr01,48251390
osullda01,140000
othicma01,13000
oubreke01,6019920
outlabo01,39279823
outlatr01,44871226
overtdo01,4800544
owensan01,1763018
owensbi01,26010200
owensch01,349458
owenske01,380000
owensla01,141770
owesra01,220000
oyedeol01,1370254
pachuza01,57962577
packro01,22199110
paddige01,310000
padgesc01,7466257
palacmi01,4955069
palmewa01,640000
pankoan01,5000
papagge01,4763156
papanko01,5150000
pargoja01,11685203
pargoje01,2206062
parisro01,27064666
parkean01,23401410
parkeja01,22239712
parkesm01,6497864
parketo01,163282460
parksch02,11145371
parsoch01,77955004
pattean01,1171000
pattela01,753716
pattepa01,32327303
patteru01,36858397
pattoju01,2247480
paulbr01,970615
paulch01,184988477
pavloal01,19693500
paxsoji02,2000000
paxsojo01,4872000
payneca01,6337440
payneke01,1310000
paytoel01,10849500
paytoga01,104367619
pecheol01,4340160
peelean01,24101312
pekovni01,61740800
penbemi01,345374
pendeje02,7353570
penneki01,8950
peplomi01,397500
perduwi01,22370725
perkike01,57268448
perkisa01,33859600
perovko01,1800000
perryel01,11699000
perryti01,8100000
persoch01,22917826
persowe01,45095000
peterji01,7097000
petermo01,41870159
petrodr01,5490000
petrojo01,15845294
petruri01,205000
phelpmi01,70000
phillbo01,25917000
piatker01,27548938
piercpa01,198120632
piercri01,12925000
pietrmi01,34658719
pincked01,9486000
pippesc01,109192430
pittmch01,185000
pittmde01,2090188
planizo01,3311280
pleisti01,6500000
plumlma01,20440866
plumlmi01,30473974
plummga01,250000
podkopa01,2803440
poeltja01,5529600
pollasc01,38060161
polynol01,21190000
pondequ01,19686879
popema01,4432010
popsoda01,80000
poquebe01,568000
portech01,782819
porteot01,44078671
portete01,26801700
portibo01,4361160
porzikr01,12953040
poseyja01,57051806
postela01,1370254
potapvi01,40637644
poweldw01,18730520
powele01,3688078
poweljo01,4826990
powelno01,2996018
powelro01,412718
poythal01,852952
pressha01,505000
presspa01,3844000
pressph01,1135665
priceaj01,3021844
pricebr01,20456750
pricema01,29709920
pricero01,16597596
prigipa01,5760224
princta01,81675782
princta02,4740840
pritcke01,631000
profila01,2931019
pruitga01,1361517
przybjo01,44705467
pullaan01,140000
purviro01,161280
qizh01,815615
quartti01,96406
quinnbr01,810000
quinnch01,3989733
rabbiv01,950000
radjadi01,19729500
radmavl01,43101141
radojal01,4995526
radulmi01,1248143
rakocig01,349458
rambiku01,5330000
ramospe01,1644776
randama01,1630000
randlch01,541171
randlju01,13545962
randoan01,13673791
randosh01,4876558
randoza01,187432457
ranseke01,317500
rasmubl01,14931000
rathaxa01,46080
ratlith01,102351958
rautian01,1388872
rayal01,412718
rebraze01,20290000
recasel01,4399200
reddmi01,101991325
redicjj01,79158008
reedda01,815615
reedju01,5336525
reedwi02,3434354
reevebr01,55638898
reevekh01,9013309
reiddo01,6111000
reidjr01,18071000
reidro01,1855000
reidry01,475000
reineja01,1024794
renchte01,200000
rentzef01,3050085
respesh01,4251120
reynoje01,6272166
rhodero01,1917200
ricegl01,68323900
ricegl02,400000
richach01,470482
richacl01,375000
richaja01,105356093
richaje01,1796318
richajo01,2871111
richama01,2944440
richami01,1177000
richano01,332817
richapo01,17588292
richaqu01,63054302
richmmi01,52611000
rideris01,26398797
ridnolu01,45269478
rileyer01,1342706
rivasra01,100000
riverau01,32942240
riverda01,200000
riverdo01,8409750
roberal01,6735250
roberan02,1463454
roberan03,14924851
roberbr01,7900377
roberfr01,3467500
roberla01,1062971
roberry01,301875
roberst01,18889824
roberte01,316969
robeyri01,900000
robinbe01,3107025
robinch01,920000
robincl01,2547600
robincl02,61579625
robinda01,119000123
robined01,28761000
robingl01,80221250
robingl02,3927141
robinja02,11854167
robinja03,40000
robinla01,1356850
robinna01,24727781
robinru01,4809750
robinth01,12611701
robintr01,540000
rodmade01,26965000
rodrise01,12669835
roelo01,544912
rogerca01,11767350
rogerjo01,75000
rogerro01,26721600
rogerro02,3298140
rollitr01,8218000
rondora01,90582884
rooksse01,17173000
rosede01,119258945
roseja01,102438250
rosema01,51088897
rossqu01,5952059
rosste01,32089837
rothsc01,75000
roundda01,1433250
rowsobr01,100000
royaldo01,5360000
roybr01,82889831
roziecl01,3557250
roziete01,5719320
rubiori01,56484046
ruckegu01,34946
ruddde01,455000
rudezda01,3229931
ruffimi01,8909115
ruffitr01,243860
rulanje01,1109000
ruscost01,415000
rushbr01,22758805
rushka01,8628927
russebr01,25806501
russeda01,15998280
russewa02,374289
sabonar01,47838481
sabondo01,4990200
sacrero01,3159067
sallejo01,15533000
salmojo01,59008801
salvake01,547500
samakso01,907803
sambch01,1224744
sampsja01,3098887
sampsra01,17244000
samuesa01,1603951
sanchpe01,1568083
sandeje01,1110000
sandela01,25443371
sandeme01,24315
sandemi01,4410000
santida01,3302819
saricda01,4740840
sasseja01,2706
sasseje01,2997009
satorto01,5870813
satteke01,845252
savovpr01,349458
scalabr01,20126688
scaleal01,24315
schayda01,13098765
schefst01,1640000
schenlu01,55000
schindw01,5490500
schoeru01,525000
schrede01,30458333
schrode01,23010862
scolalu01,65252186
scottal01,120000
scottbr01,632500
scottby01,11377500
scottde01,25095000
scottja01,220000
scottmi01,12733858
scottsh01,1939350
scurrca01,70000
sealssh01,627000
sealyma01,9550000
sefolth01,39475228
seikaro01,27681000
selbyjo01,1312195
seldewa01,1427699
sellebr01,2161830
senesa01,6316560
serapke01,16300886
sesayan01,3376660
sessira01,35152193
seungha01,1386299
sewelto01,150000
shackch01,3852000
shakumu01,95120
shammgo01,242250
sharpwa01,442114
shaskjo01,675000
shawbr01,28397315
shawca01,312500
sheltlo01,815000
sheppje01,672500
shirlpa01,29832
shortpu01,2115000
shumpim01,36601294
shvedal01,9366666
siakapa01,2508651
siberjo01,100000
sichtje01,960000
sikmaja01,8749000
silasxa01,74159
silerga01,524737
simiewa01,1800480
simmobe01,12072000
simmobo01,50395842
simmoce01,4887360
simmojo02,7699729
simmoli01,21432400
simonmi01,672500
simpkdi01,5296190
simsco01,296778
simshe01,1151865
singlch01,4700040
singlja01,3156458
singlky01,17639000
singlse01,442114
sivape01,100000
skilesc01,7892000
skinnbr01,24882526
slatere01,2541437
slayta01,1608183
sloando01,3342417
slokaur01,412718
smartma01,14831260
smithch01,24960286
smithch02,225000
smithch03,825000
smithch04,4025648
smithcr01,9392854
smithde02,2915000
smithde03,3218280
smithdo03,7395000
smithdo04,1066748
smithgr02,3144007
smithis01,17981480
smithja01,2141544
smithja02,31469993
smithjo02,61220796
smithjo03,111757852
smithjr01,72106390
smithke01,13172100
smithla01,4347000
smithla02,2320000
smithle01,1450960
smithmi01,1800000
smithmi02,15420000
smithmi03,316969
smithno01,2711880
smithot01,1295000
smithre01,633000
smithru01,1632964
smithst01,63827900
smithst03,161061
smithth01,986977
smithto02,3567500
smitsri01,43750000
smrekmi01,835000
snellto01,16607076
snower01,51223850
snydeki01,6670033
soberri01,702000
solomwi01,1044334
songada01,25337931
sowpa01,1771576
spanova01,3744000
sparrro01,2666000
speigma01,25743588
spencan01,250000
spencel01,3757000
spencfe01,18695349
splitti01,47316000
sprewla01,97060000
sprigla01,225000
stackje01,84406843
stackry01,672500
stanste01,160000
starkjo01,25058000
stausni01,12415467
stepavl01,5759509
stephal01,92664
stephdj01,35000
stephev01,100000
stephjo01,360691
stephla01,30986672
steppbr01,100000
stevede01,27897988
stewake01,260941
stewala01,2177500
stewami01,25242000
stiemgr01,6994279
stipast01,2620000
stithbr01,32181000
stivral01,140000
stockda01,222656
stockjo01,67753000
stojape01,97956720
stokeed01,272500
stokegr01,70000
stokeja01,1720059
stonedi01,1906082
stoneju01,2810104
storeaw01,1437838
stoudam01,167683566
stoudda01,99672198
stoudsa01,2187000
strawdj01,427163
stricer01,13089850
stricma01,8098361
stricro02,41163317
stroejo01,75000
stronde01,20366200
strotla01,150000
stuckro01,48057071
sullija01,11994420
summeda01,1522920
sundobr01,4493990
sundvjo01,1452000
surabo01,45395918
suttogr01,564500
swanica01,1465920
sweetmi01,8633596
swiftro01,11473684
swiftst01,43190443
swinsaa01,102424
sypa01,473604
szabobr01,220000
szczewa02,74745147
tabakza01,5200000
tabusyu01,108066
taftch01,1087971
tarladr01,2500000
tarplro01,5720000
tatumja01,5645400
tavarwa01,2005145
tayloan01,100000
taylodo01,1062971
taylois01,1617611
tayloje02,1505871
tayloje03,2279115
taylojo01,3111280
tayloma01,53444118
taylomi01,500000
tayloty01,1262476
teaglte01,2150000
teaguje01,58663717
teaguma01,3381985
teletmi01,36187150
telfase01,19073889
templga01,19741101
teodomi01,6000000
terryja01,108253648
thabeha01,16779840
theisda01,815615
theusre01,2935000
thibepe01,85000
thomaad01,60000
thomabi01,775426
thomaca01,519750
thomach01,130000
thomaet01,44671228
thomair01,120000
thomais01,16681000
thomais02,29120094
thomaja01,58599
thomaja02,148698
thomaji01,150000
thomajo02,2492118
thomake01,54613164
thomaku01,63543623
thomala01,16875041
thomama01,577104
thomati01,97873455
thomaty01,46637127
thompbe01,470000
thompbi01,895000
thompbr01,2807300
thompdi01,487863
thompho01,2325378
thompja02,34690751
thompke01,150000
thompkl01,59796045
thompla01,12658500
thompmy01,5291000
thompmy02,168035
thomppa01,175000
thomptr01,62924415
thomptr02,1235799
thornal01,8142916
thornbo01,1145000
thornma01,35122638
thornsi01,815615
thorpot01,37611400
threase01,9994000
tinslja01,39960706
tisdawa01,22616000
tobeymi01,138938
tolbera01,100000
tolbeto01,2642000
tollian01,26108060
toneyan01,2880000
toneyse01,225000
toolsan01,680000
torreos01,501546
toupaax01,245581
towerke01,289316
townska01,17880600
traylro01,11820905
trentga01,11406473
trepaje01,971496
tripuke01,5622000
trybace01,4800000
tsakaja01,12741982
tskitni01,8907528
tuckeal02,3005520
tuckean01,375000
tuckepj01,26149241
tucketr01,3596000
turiaro01,22581156
turkcmi01,2639545
turkohe01,90557891
turnean01,455000
turneel01,425000
turneev01,61751608
turnehe02,180000
turneje01,4410000
turnejo01,615000
turnemy01,7391520
turnewa01,30000
turpime01,1710000
tylerbj01,6825000
tylerje01,2396488
tylerte01,1710000
udohek01,18535512
udokaim01,3926817
udrihbe01,44739048
ukicro01,1553232
ulisty01,2230980
upshake01,280000
uthofja01,121354
uzohbe01,535037
valanjo01,45335699
valenda01,1340000
valende01,4278600
vandeki01,5856750
vandelo01,200000
vanexni01,74408867
vanhoke01,88860030
vanosni01,125000
vanvlfr01,1856082
vardara01,457801
varejan01,77677977
varnaja01,1173108
vasqugr01,22838814
vaughda02,2291840
vaughja01,11259690
vaughlo01,39759014
vaughra01,5599378
verhope01,285000
veselja01,9700920
vetragu01,575000
villach01,51577806
vinceja01,1356225
vincesa01,4605000
vincima01,1100174
vinsofr01,635000
vocega01,100000
volkoal01,1325000
vonleno01,11418513
voskuja01,12321407
vraneda01,1809000
vranesl01,129768
vrankst01,13920000
vromaja01,1067328
vucevni01,43208980
vujacsa01,22254895
wadedw01,196543048
wafervo01,2935793
wagneda02,8185051
wagnemi01,75000
waitedi01,30719270
waitegr01,325000
walkean02,108142015
walkebi01,2248345
walkeda01,3355000
walkeke01,2660000
walkeke02,46729731
walkesa01,15974856
wallabe01,87800795
wallage01,102825613
wallajo01,10352799
wallara01,158110581
walljo01,89669865
walshma01,38904
waltere01,8462500
waltobi01,2625000
waltolu01,33903340
wardch01,34300500
warneja01,66080
warretj01,9276051
warrewi01,500000
warribr01,110000
warriha01,21227942
washbch01,1257200
washida01,154847
washidu01,75000
washier01,1312000
washipe01,645000
watkida01,109461
watsocj01,22793547
watsoea01,42771079
watsoja01,2400000
waynsma01,217301
wearda01,29843
weartr01,803972
weathcl01,37193000
weaveky01,1677420
webbech01,178230697
webbma01,140000
webbsp01,8395600
webstma01,900000
webstma02,46520076
wedmasc01,800000
weemsso01,4832923
wellsbo01,39484599
wellsbu01,572000
welpch01,525000
welscji01,6157034
wennibi01,7900000
wenstma01,300000
werdaro01,793471
wesleda01,32735000
westbru01,132246100
westda01,92190459
westde01,16232536
westdo01,20845000
westma01,12104000
westma02,1585420
whalero01,481788
whatlen01,680000
wheatde01,1072000
wheelcl01,200000
whitede01,1404600
whitedj01,5379735
whitedo01,492250
whiteer01,75000
whiteha01,49136117
whiteis01,2386756
whiteja01,25466682
whiteja02,1672542
whiteje01,1455000
whiteok01,1798782
whitera01,3437000
whitero01,70000
whitero02,7259525
whitero03,1719480
whiteto01,75000
whitewi01,85000
whitnch01,14192900
whittsh01,1352395
wiggian01,24850242
wiggimi01,955000
wilcoch01,38864580
wileymo01,1137000
wilkeja01,935000
wilkida01,70000
wilkida02,19020053
wilkido01,23687500
wilkied01,1330000
wilkige01,16069866
wilkije01,214500
wilksmi01,5081271
williaa01,23649257
willial02,41720992
willial03,6988921
willibr01,322676
willibu01,26452000
willico01,200000
willico02,42673520
willide01,146573189
willide02,30882096
williel01,4647474
willier01,39835520
willifr02,2685000
willigu01,1520000
willihe01,11478000
williho01,38269055
willija01,63050000
willija02,55663447
willija03,8713351
willija04,1302535
willije01,51077543
willijo02,5033000
willijo03,1235799
williju01,1124180
willike01,275000
willike02,31565500
willike03,1150000
willilo01,12629000
willilo02,58208319
willima01,67611931
willima02,95079293
willima03,4395789
willima04,12890
willimi02,17550000
willimo01,7945785
willipe01,70000
willire01,9536500
willire02,7250382
williro02,120000
willisc01,30054000
willise01,4568640
willish01,7301179
willish02,12256869
willish03,14540342
willisl01,900000
willite01,6940336
willitr01,242000
willitr02,2567616
williwa02,28423500
willode01,134956
wilsodj01,2135040
wilsori02,75000
wilsotr01,650000
winchke01,380000
wingada01,7035666
wingfdo01,1475000
winslju01,7780200
wintetr01,292029
wintevo01,70000
witheje01,4356774
wittmra01,2470000
wolfjo01,4694041
wolkoru01,1449789
woodal01,1400000
woodch01,1180425
woodda01,1910500
woodle01,543000
woodslo01,3468931
woodsmi01,2258000
woodsqy01,3761114
woodsra01,2450000
woolror01,9829000
workmha01,6880000
worthja01,11850000
wrighan01,9616110
wrighbr02,1062971
wrighbr03,37760133
wrighch01,573604
wrighde01,4731840
wrighdo01,28716258
wrighho02,5000
wrighju01,8466857
wrighlo02,55216995
wrighlu01,1495000
wrighsh01,15120000
wroteto01,5852000
wyndeaj01,300000
yabusgu01,2247480
youngda01,1522500
youngjo01,3523724
youngko01,287500
youngni01,38691809
youngsa01,3381716
youngth01,82733742
youngti01,301875
yuesu01,442114
zelleco01,29994383
zellelu01,473604
zellety01,17226833
zhizhwa01,5731839
zidekge01,2081200
zimmest01,950000
zipsepa01,2062611
zizican01,1645200
zubaciv01,2347567
